{"textures":{"gui":"asurvival:gui/menu/bleeding"},"elements":[{"from":[-8,-14.627416997969519,8],"to":[24,30.62741699796952,4.287689398770622],"faces":{"south":{"uv":[0,0,8,8],"texture":"#gui"}},"rotation":{"origin":[16.300272846298938,15.040599151869477,4.287689398770622],"axis":"z","angle":22.5}},{"from":[-8,-14.627416997969519,8],"to":[24,30.62741699796952,-15.999999999999998],"faces":{"south":{"uv":[0,8,8,16],"texture":"#gui"}},"rotation":{"origin":[79.05942886577958,27.52417145045368,-15.999999999999998],"axis":"z","angle":22.5}},{"from":[-8,-14.627416997969519,8],"to":[24,30.62741699796952,4.287689398770622],"faces":{"south":{"uv":[8,0,16,8],"texture":"#gui"}},"rotation":{"origin":[0.30027284629894435,95.47803102588304,4.287689398770622],"axis":"z","angle":22.5}},{"from":[-8,-14.627416997969519,8],"to":[24,30.62741699796952,-15.999999999999998],"faces":{"south":{"uv":[8,8,16,16],"texture":"#gui"}},"rotation":{"origin":[63.05942886577957,107.96160332446725,-15.999999999999998],"axis":"z","angle":22.5}}],"display":{"gui":{"rotation":[-45,0,-22.5],"scale":[4,4,4],"translation":[0,0,-80]}}}