{"textures":{"gui":"asurvival:gui/menu/bleeding"},"elements":[
	{"from":[-8,-14.627416997969519,8],"to":[24,30.62741699796952,1.9012040122660263],"faces":{"south":{"uv":[0,0,8,8],"texture":"#gui"}},"rotation":{"origin":[6.3616089617768345,12.35706500087748,1.9012040122660263],"axis":"z","angle":22.5}},
	{"from":[-8,-14.627416997969519,8],"to":[24,30.62741699796952,-15.999999999999998],"faces":{"south":{"uv":[0,8,8,16],"texture":"#gui"}},"rotation":{"origin":[75.11960109673537,26.03387999271398,-15.999999999999998],"axis":"z","angle":22.5}},
	{"from":[-8,-14.627416997969519,8],"to":[24,30.62741699796952,1.9012040122660263],"faces":{"south":{"uv":[8,0,16,8],"texture":"#gui"}},"rotation":{"origin":[-9.63839103822316,92.79449687489102,1.9012040122660263],"axis":"z","angle":22.5}},
	{"from":[-8,-14.627416997969519,8],"to":[24,30.62741699796952,-15.999999999999998],"faces":{"south":{"uv":[8,8,16,16],"texture":"#gui"}},"rotation":{"origin":[59.119601096735366,106.47131186672755,-15.999999999999998],"axis":"z","angle":22.5}}
],"display":{"gui":{"rotation":[-45,0,-22.5],"scale":[4,4,4],"translation":[2,-18,0]}}}